Time,BTC,ETH,USDT,BNB,SOL,XRP,USDC,DOGE,FDUSD,PEPE,WIF,SHIB,WLD,SUI,USD1,BSC-USD,TRX,STETH,FIGR_HELOC,ADA,WSTETH,BCH,WBT,WBTC,WBETH,WEETH,USDS,XMR,LINK,LEO,WETH,XLM,CBBTC,USDE,ZEC,CC,AVAX,LTC,HYPE,HBAR,WLFI,USDT0,DAI,SUSDS,TON,SUSDE,PYUSD,CRO,DOT,RAIN,UNI,MNT,M,BGB,XAUT,AAVE,TAO,OKB,USDF,ICP,NEAR,PAXG,JITOSOL,ETC,BUIDL,ONDO,HTX,USDG,USYC,PUMP,PI,JLP,ASTER,RSETH,SKY,POL,KCS,BNSOL,ENA,RLUSD,HASH,WBNB,BFUSD,SYRUPUSDC,RETH,APT,QNT,MYX,ATOM,GT,USDD,KAS,RENDER,ARB,ALGO,FIL,NIGHT,FBTC,TRUMP,RIVER
2026-01-22 17:10:03,89934.0,3005.41,0.999136,891.81,129.58,1.96,0.999773,0.126449,,5.13e-06,,7.93e-06,0.480299,1.53,0.998847,0.999092,0.299426,3002.63,1.033,0.364604,3679.74,596.74,54.34,89591.0,3273.09,3264.45,0.999568,505.25,12.43,8.92,3004.64,0.215651,89848.0,0.999793,359.6,0.147174,12.44,68.71,22.1,0.110677,0.171252,0.999075,0.999644,1.084,1.58,1.22,0.999754,0.092488,1.95,0.00924278,4.95,0.892565,1.6,3.66,4831.33,159.6,245.68,103.64,0.996485,3.72,1.55,4845.13,162.78,11.66,1.0,0.343555,1.78e-06,0.999775,1.11,0.00266096,0.184056,4.64,0.620849,3190.91,0.065049,0.135598,10.76,141.97,0.178083,0.999615,0.02526823,891.63,0.998689,1.15,3471.79,1.57,80.56,6.12,2.38,9.98,0.999315,0.04067182,2.07,0.18176,0.119103,1.35,0.058977,89461.0,4.87,
2026-01-22 17:11:03,89948.0,3006.76,0.999135,892.18,129.64,1.96,0.999734,0.126511,,5.13e-06,,7.93e-06,0.4804,1.53,0.998824,0.999023,0.299439,3003.24,1.033,0.36467,3680.38,596.79,54.34,89580.0,3273.09,3265.17,0.999557,506.72,12.43,8.92,3005.32,0.215793,89852.0,0.999711,359.61,0.147304,12.44,68.73,22.11,0.110694,0.171257,0.99898,0.999608,1.084,1.58,1.22,0.999745,0.092501,1.95,0.00924568,4.95,0.892989,1.6,3.66,4833.12,159.66,245.75,103.64,0.996484,3.72,1.55,4845.59,162.78,11.66,1.0,0.34367,1.78e-06,0.999735,1.11,0.00266261,0.184088,4.64,0.620887,3190.99,0.065049,0.135706,10.76,141.97,0.17813,0.999615,0.02527225,891.61,0.998689,1.15,3472.52,1.57,80.55,6.13,2.38,9.98,0.999315,0.04067769,2.07,0.181788,0.119113,1.35,0.05899,89541.0,4.87,
2026-01-22 17:12:02,89948.0,3006.76,0.999135,892.18,129.64,1.96,0.999734,0.126511,,5.13e-06,,7.93e-06,0.4804,1.53,0.998824,0.999023,0.299439,3003.24,1.033,0.36467,3680.38,596.79,54.34,89580.0,3273.09,3265.17,0.999557,506.72,12.43,8.92,3005.32,0.215793,89852.0,0.999711,359.61,0.147304,12.44,68.73,22.11,0.110694,0.171257,0.99898,0.999608,1.084,1.58,1.22,0.999745,0.092501,1.95,0.00924568,4.95,0.892989,1.6,3.66,4833.12,159.66,245.75,103.64,0.996484,3.72,1.55,4845.59,162.78,11.66,1.0,0.34367,1.78e-06,0.999735,1.11,0.00266261,0.184088,4.64,0.620887,3190.99,0.065049,0.135706,10.76,141.97,0.17813,0.999615,0.02527225,891.61,0.998689,1.15,3472.52,1.57,80.55,6.13,2.38,9.98,0.999315,0.04067769,2.07,0.181788,0.119113,1.35,0.05899,89541.0,4.87,
2026-01-22 17:12:13,89963.0,3007.11,0.999137,892.55,129.65,1.96,0.999734,0.126554,,5.13e-06,,7.93e-06,0.480789,1.53,0.998838,0.999023,0.299538,3004.19,1.033,0.364846,3681.01,596.9,54.34,89560.0,3274.41,3266.06,0.999554,506.71,12.43,8.92,3005.49,0.215854,89880.0,0.999718,359.67,0.147502,12.45,68.77,22.12,0.110716,0.171276,0.999145,0.999807,1.084,1.58,1.22,0.999837,0.092495,1.95,0.00924669,4.95,0.893136,1.6,3.66,4834.26,159.7,245.88,103.65,0.996488,3.72,1.55,4846.7,162.78,11.66,1.0,0.344197,1.78e-06,0.999735,1.11,0.00266285,0.184146,4.64,0.620952,3192.07,0.065062,0.135901,10.76,142.25,0.178628,0.999615,0.02527225,891.61,0.998782,1.15,3472.6,1.57,80.57,6.12,2.39,9.98,0.999314,0.04068328,2.07,0.181977,0.119163,1.35,0.059017,89541.0,4.88,
2026-01-22 17:14:14,89958.0,3007.03,0.99914,892.53,129.79,1.96,0.999958,0.12656,,5.13e-06,,7.93e-06,0.480729,1.53,0.998937,0.999309,0.299516,3004.44,1.033,0.364891,3682.3,596.92,54.34,89508.0,3274.42,3266.95,0.999555,507.08,12.43,8.92,3008.07,0.21586,89835.0,0.999855,359.74,0.148119,12.45,68.77,22.13,0.110723,0.171282,0.999186,0.99966,1.084,1.58,1.22,0.999866,0.092499,1.95,0.00924878,4.95,0.893099,1.6,3.66,4832.27,159.75,245.92,103.65,0.996489,3.72,1.55,4846.67,162.84,11.66,1.0,0.344164,1.78e-06,0.999734,1.11,0.00266287,0.184207,4.65,0.620959,3192.07,0.06508,0.135929,10.77,142.25,0.178678,0.9996,0.02527225,892.6,0.99878,1.15,3474.33,1.57,80.58,6.12,2.39,9.98,0.999318,0.04070094,2.07,0.181985,0.119217,1.35,0.059028,89541.0,4.88,
2026-01-22 17:15:14,89971.0,3007.68,0.999134,892.45,129.81,1.96,0.999726,0.126577,,5.14e-06,,7.93e-06,0.481004,1.53,0.998894,0.999043,0.299525,3005.44,1.033,0.365171,3682.54,597.11,54.4,89603.0,3274.16,3267.18,0.999551,506.75,12.44,8.92,3006.81,0.215767,89874.0,0.999667,360.47,0.148508,12.46,68.79,22.15,0.110765,0.171359,0.998863,0.999624,1.084,1.58,1.22,0.999634,0.092496,1.96,0.00925269,4.96,0.893121,1.6,3.67,4831.77,159.8,245.85,103.71,0.996407,3.73,1.55,4845.8,163.12,11.68,1.0,0.344724,1.78e-06,0.999732,1.11,0.00266314,0.184298,4.65,0.620792,3193.69,0.065105,0.136084,10.77,142.34,0.178767,0.999682,0.02527225,892.61,0.998771,1.15,3475.77,1.58,80.59,6.12,2.39,9.98,0.99941,0.04070463,2.07,0.182167,0.119331,1.35,0.059053,89530.0,4.88,
2026-01-22 17:15:56,89971.0,3007.68,0.999134,892.45,129.81,1.96,0.999726,0.126577,,5.14e-06,,7.93e-06,0.481004,1.53,0.998894,0.999043,0.299525,3005.44,1.033,0.365171,3682.54,597.11,54.4,89603.0,3274.16,3267.18,0.999551,506.75,12.44,8.92,3006.81,0.215767,89874.0,0.999667,360.47,0.148508,12.46,68.79,22.15,0.110765,0.171359,0.998863,0.999624,1.084,1.58,1.22,0.999634,0.092496,1.96,0.00925269,4.96,0.893121,1.6,3.67,4831.77,159.8,245.85,103.71,0.996407,3.73,1.55,4845.8,163.12,11.68,1.0,0.344724,1.78e-06,0.999732,1.11,0.00266314,0.184298,4.65,0.620792,3193.69,0.065105,0.136084,10.77,142.34,0.178767,0.999682,0.02527225,892.61,0.998771,1.15,3475.77,1.58,80.59,6.12,2.39,9.98,0.99941,0.04070463,2.07,0.182167,0.119331,1.35,0.059053,89530.0,4.88,
2026-01-22 17:16:58,89957.0,3006.89,0.999126,892.25,129.8,1.96,0.999599,0.126561,,5.14e-06,,7.94e-06,0.481239,1.53,0.998895,0.998919,0.299544,3005.6,1.033,0.36532,3682.83,597.29,54.4,89563.0,3274.45,3267.47,0.999502,506.93,12.44,8.91,3006.86,0.215723,89865.0,0.999612,360.65,0.148561,12.46,68.8,22.13,0.110757,0.17137,0.998665,0.999566,1.084,1.58,1.22,0.99962,0.092494,1.96,0.00927816,4.96,0.892353,1.6,3.67,4831.68,159.87,245.92,103.8,0.996333,3.73,1.56,4845.63,163.06,11.69,1.0,0.344439,1.78e-06,0.999741,1.11,0.00266297,0.184358,4.65,0.620786,3193.81,0.065123,0.136249,10.77,142.34,0.178817,0.999686,0.02526895,892.41,0.99877,1.15,3475.96,1.58,80.53,6.11,2.39,9.98,0.999394,0.04070524,2.08,0.182216,0.119424,1.35,0.059036,89430.0,4.88,
2026-01-22 17:17:56,89957.0,3006.89,0.999126,892.25,129.8,1.96,0.999599,0.126561,,5.14e-06,,7.94e-06,0.481239,1.53,0.998895,0.998919,0.299544,3005.6,1.033,0.36532,3682.83,597.29,54.4,89563.0,3274.45,3267.47,0.999502,506.93,12.44,8.91,3006.86,0.215723,89865.0,0.999612,360.65,0.148561,12.46,68.8,22.13,0.110757,0.17137,0.998665,0.999566,1.084,1.58,1.22,0.99962,0.092494,1.96,0.00927816,4.96,0.892353,1.6,3.67,4831.68,159.87,245.92,103.8,0.996333,3.73,1.56,4845.63,163.06,11.69,1.0,0.344439,1.78e-06,0.999741,1.11,0.00266297,0.184358,4.65,0.620786,3193.81,0.065123,0.136249,10.77,142.34,0.178817,0.999686,0.02526895,892.41,0.99877,1.15,3475.96,1.58,80.53,6.11,2.39,9.98,0.999394,0.04070524,2.08,0.182216,0.119424,1.35,0.059036,89430.0,4.88,
2026-01-22 17:18:04,89911.0,3004.24,0.999135,891.81,129.73,1.96,0.999607,0.126516,,5.14e-06,,7.94e-06,0.481099,1.53,0.998927,0.998811,0.29955,3004.05,1.033,0.365134,3682.5,597.3,54.4,89492.0,3273.87,3267.09,0.99951,506.92,12.44,8.92,3006.82,0.215659,89866.0,0.999616,360.85,0.14813,12.46,68.8,22.11,0.110678,0.171256,0.999317,0.999555,1.083,1.58,1.22,0.999595,0.092468,1.96,0.00927787,4.96,0.891484,1.6,3.66,4831.53,159.79,245.61,103.8,0.996404,3.73,1.55,4845.51,163.09,11.7,1.0,0.344145,1.78e-06,0.999729,1.11,0.00266134,0.184318,4.65,0.620581,3193.95,0.065139,0.136205,10.77,141.95,0.178802,0.999633,0.02504465,892.41,0.99878,1.15,3475.94,1.58,80.52,6.11,2.39,9.98,0.999404,0.04065211,2.08,0.182155,0.11942,1.35,0.059024,89431.0,4.88,
2026-01-22 17:19:03,89911.0,3004.24,0.999135,891.81,129.73,1.96,0.999607,0.126516,,5.14e-06,,7.94e-06,0.481099,1.53,0.998927,0.998811,0.29955,3004.05,1.033,0.365134,3682.5,597.3,54.4,89492.0,3273.87,3267.09,0.99951,506.92,12.44,8.92,3006.82,0.215659,89866.0,0.999616,360.85,0.14813,12.46,68.8,22.11,0.110678,0.171256,0.999317,0.999555,1.083,1.58,1.22,0.999595,0.092468,1.96,0.00927787,4.96,0.891484,1.6,3.66,4831.53,159.79,245.61,103.8,0.996404,3.73,1.55,4845.51,163.09,11.7,1.0,0.344145,1.78e-06,0.999729,1.11,0.00266134,0.184318,4.65,0.620581,3193.95,0.065139,0.136205,10.77,141.95,0.178802,0.999633,0.02504465,892.41,0.99878,1.15,3475.94,1.58,80.52,6.11,2.39,9.98,0.999404,0.04065211,2.08,0.182155,0.11942,1.35,0.059024,89431.0,4.88,
2026-01-22 17:20:04,89911.0,3004.68,0.999156,891.71,129.67,1.96,0.999673,0.126546,,5.13e-06,,7.94e-06,0.481285,1.53,0.998961,0.999027,0.299565,3004.19,1.033,0.365291,3679.82,597.34,54.4,89623.0,3271.58,3264.56,0.999497,507.63,12.43,8.91,3003.51,0.215554,89930.0,0.999487,360.64,0.14835,12.46,68.8,22.09,0.110747,0.171363,0.99895,0.999576,1.084,1.58,1.22,0.999853,0.092459,1.96,0.00927894,4.96,0.891686,1.6,3.66,4830.29,159.85,245.68,103.81,0.996394,3.72,1.55,4844.86,163.06,11.69,1.0,0.343955,1.78e-06,0.9998,1.11,0.00266146,0.184136,4.64,0.620371,3194.1,0.065098,0.136224,10.76,142.15,0.178753,0.999668,0.02504465,891.66,0.998798,1.15,3475.36,1.58,80.58,6.08,2.39,9.98,0.999414,0.04064054,2.08,0.182089,0.119455,1.35,0.059001,89252.0,4.88,
2026-01-22 17:21:03,89911.0,3004.68,0.999156,891.71,129.67,1.96,0.999673,0.126546,,5.13e-06,,7.94e-06,0.481285,1.53,0.998961,0.999027,0.299565,3004.19,1.033,0.365291,3679.82,597.34,54.4,89623.0,3271.58,3264.56,0.999497,507.63,12.43,8.91,3003.51,0.215554,89930.0,0.999487,360.64,0.14835,12.46,68.8,22.09,0.110747,0.171363,0.99895,0.999576,1.084,1.58,1.22,0.999853,0.092459,1.96,0.00927894,4.96,0.891686,1.6,3.66,4830.29,159.85,245.68,103.81,0.996394,3.72,1.55,4844.86,163.06,11.69,1.0,0.343955,1.78e-06,0.9998,1.11,0.00266146,0.184136,4.64,0.620371,3194.1,0.065098,0.136224,10.76,142.15,0.178753,0.999668,0.02504465,891.66,0.998798,1.15,3475.36,1.58,80.58,6.08,2.39,9.98,0.999414,0.04064054,2.08,0.182089,0.119455,1.35,0.059001,89252.0,4.88,
2026-01-22 17:22:03,89919.0,3004.93,0.999152,891.79,129.66,1.96,0.99976,0.126539,,5.13e-06,,7.94e-06,0.481237,1.53,0.99902,0.999111,0.299599,3004.34,1.033,0.365297,3679.94,597.63,54.4,89538.0,3272.63,3264.76,0.99954,508.11,12.43,8.91,3004.43,0.215524,89893.0,0.999414,360.61,0.148604,12.46,68.78,22.08,0.110737,0.171275,0.999065,0.999513,1.084,1.58,1.22,0.999835,0.092459,1.95,0.00928397,4.96,0.891662,1.6,3.66,4829.49,159.87,245.38,103.76,0.996442,3.72,1.55,4844.5,163.05,11.69,1.0,0.344031,1.78e-06,0.999778,1.11,0.00266061,0.184174,4.65,0.620104,3193.65,0.065107,0.136208,10.76,142.15,0.178799,0.999678,0.02516103,891.7,0.998799,1.15,3472.96,1.58,80.63,6.07,2.39,9.98,0.999406,0.0406411,2.08,0.182115,0.119423,1.35,0.058956,89402.0,4.88,
2026-01-22 17:23:03,89919.0,3004.93,0.999152,891.79,129.66,1.96,0.99976,0.126539,,5.13e-06,,7.94e-06,0.481237,1.53,0.99902,0.999111,0.299599,3004.34,1.033,0.365297,3679.94,597.63,54.4,89538.0,3272.63,3264.76,0.99954,508.11,12.43,8.91,3004.43,0.215524,89893.0,0.999414,360.61,0.148604,12.46,68.78,22.08,0.110737,0.171275,0.999065,0.999513,1.084,1.58,1.22,0.999835,0.092459,1.95,0.00928397,4.96,0.891662,1.6,3.66,4829.49,159.87,245.38,103.76,0.996442,3.72,1.55,4844.5,163.05,11.69,1.0,0.344031,1.78e-06,0.999778,1.11,0.00266061,0.184174,4.65,0.620104,3193.65,0.065107,0.136208,10.76,142.15,0.178799,0.999678,0.02516103,891.7,0.998799,1.15,3472.96,1.58,80.63,6.07,2.39,9.98,0.999406,0.0406411,2.08,0.182115,0.119423,1.35,0.058956,89402.0,4.88,
2026-01-22 17:23:09,89924.0,3005.25,0.999175,891.64,129.62,1.96,0.999758,0.126533,,5.13e-06,,7.94e-06,0.481259,1.53,0.999035,0.999087,0.299634,3004.47,1.033,0.365293,3681.37,597.65,54.4,89499.0,3272.58,3264.89,0.999543,508.27,12.43,8.91,3004.41,0.215451,89849.0,0.999726,360.75,0.148887,12.46,68.79,22.07,0.110726,0.171342,0.998959,0.999534,1.084,1.58,1.22,0.999844,0.092459,1.95,0.00928328,4.95,0.891601,1.6,3.66,4829.39,159.87,245.33,103.77,0.9965,3.72,1.55,4843.36,162.99,11.69,1.0,0.344149,1.78e-06,0.999783,1.11,0.00266139,0.184176,4.64,0.619861,3193.68,0.065118,0.136164,10.77,141.98,0.178739,0.999648,0.02516103,891.69,0.998919,1.15,3473.5,1.58,80.56,6.05,2.39,9.98,0.99941,0.04063644,2.08,0.182073,0.11943,1.35,0.058912,89384.0,4.88,
2026-01-22 17:24:05,89924.0,3005.25,0.999175,891.64,129.62,1.96,0.999758,0.126533,,5.13e-06,,7.94e-06,0.481259,1.53,0.999035,0.999087,0.299634,3004.47,1.033,0.365293,3681.37,597.65,54.4,89499.0,3272.58,3264.89,0.999543,508.27,12.43,8.91,3004.41,0.215451,89849.0,0.999726,360.75,0.148887,12.46,68.79,22.07,0.110726,0.171342,0.998959,0.999534,1.084,1.58,1.22,0.999844,0.092459,1.95,0.00928328,4.95,0.891601,1.6,3.66,4829.39,159.87,245.33,103.77,0.9965,3.72,1.55,4843.36,162.99,11.69,1.0,0.344149,1.78e-06,0.999783,1.11,0.00266139,0.184176,4.64,0.619861,3193.68,0.065118,0.136164,10.77,141.98,0.178739,0.999648,0.02516103,891.69,0.998919,1.15,3473.5,1.58,80.56,6.05,2.39,9.98,0.99941,0.04063644,2.08,0.182073,0.11943,1.35,0.058912,89384.0,4.88,
2026-01-22 17:25:03,89914.0,3004.85,0.999172,891.46,129.65,1.96,0.999712,0.12654,,5.13e-06,,7.94e-06,0.481323,1.53,0.998996,0.999031,0.299689,3003.85,1.033,0.365228,3681.14,597.6,54.36,89457.0,3272.51,3264.77,0.999551,507.67,12.43,8.91,3004.14,0.215514,89871.0,0.999655,361.01,0.149208,12.46,68.78,22.05,0.110707,0.171466,0.998955,0.999495,1.084,1.58,1.22,0.999643,0.092483,1.95,0.00928945,4.96,0.891809,1.6,3.66,4829.29,159.87,245.32,103.82,0.996706,3.72,1.55,4843.07,162.98,11.69,1.0,0.343862,1.78e-06,0.999781,1.11,0.0026625,0.184261,4.64,0.619814,3193.64,0.065145,0.136126,10.77,141.98,0.17869,0.9996,0.02516083,891.59,0.998919,1.15,3473.41,1.58,80.54,6.06,2.39,9.98,0.999436,0.04064588,2.09,0.182067,0.119414,1.35,0.058948,89414.0,4.87,
2026-01-22 17:26:05,89923.0,3005.07,0.999172,891.41,129.66,1.96,0.999637,0.126551,,5.13e-06,,7.94e-06,0.481264,1.53,0.998955,0.998992,0.299624,3003.99,1.033,0.36514,3681.03,597.56,54.37,89457.0,3272.63,3264.61,0.999497,507.66,12.43,8.91,3003.17,0.215467,89857.0,0.999656,361.27,0.14925,12.46,68.79,22.05,0.11069,0.171562,0.998932,0.999491,1.084,1.58,1.22,0.999669,0.092484,1.95,0.00928945,4.96,0.892037,1.6,3.66,4828.87,159.86,245.22,103.82,0.996707,3.72,1.55,4843.13,162.82,11.69,1.0,0.343773,1.78e-06,0.999729,1.11,0.00266302,0.184259,4.64,0.619965,3193.63,0.065165,0.136094,10.77,142.25,0.178692,0.999591,0.02516083,891.34,0.998918,1.15,3473.41,1.57,80.54,6.06,2.39,9.98,0.999435,0.04063479,2.09,0.182044,0.119386,1.35,0.058944,89414.0,4.87,
2026-01-22 17:27:05,89943.0,3005.15,0.999176,891.39,129.74,1.96,0.999637,0.126562,,5.13e-06,,7.94e-06,0.481293,1.53,0.998946,0.99897,0.299623,3004.02,1.033,0.365168,3680.47,597.6,54.37,89555.0,3272.02,3264.86,0.999497,507.76,12.43,8.91,3003.14,0.215469,89899.0,0.99967,361.51,0.149251,12.46,68.79,22.05,0.110699,0.17164,0.998921,0.999503,1.084,1.58,1.22,0.999708,0.09249,1.95,0.00929006,4.95,0.892036,1.6,3.66,4828.96,159.88,245.15,103.84,0.996548,3.72,1.55,4842.46,162.93,11.69,1.0,0.343713,1.78e-06,0.999767,1.11,0.00266333,0.184263,4.64,0.619907,3191.88,0.065165,0.13607,10.77,142.25,0.178602,0.999643,0.02516083,891.34,0.998918,1.15,3474.09,1.57,80.55,6.05,2.39,9.99,0.999435,0.04063133,2.09,0.18202,0.119344,1.35,0.058931,89454.0,4.87,
2026-01-22 17:28:28,89916.0,3003.27,0.999158,891.18,129.74,1.96,0.999692,0.126562,,5.13e-06,,7.94e-06,0.481225,1.53,0.998906,0.998977,0.299619,3003.37,1.033,0.365141,3680.97,597.6,54.37,89554.0,3270.46,3265.39,0.999474,508.08,12.43,8.91,3004.0,0.215481,89906.0,0.999666,361.89,0.149251,12.46,68.8,22.04,0.110692,0.171728,0.999475,0.999525,1.084,1.58,1.22,0.999707,0.092493,1.95,0.00929383,4.95,0.89199,1.6,3.66,4828.54,159.86,245.08,103.84,0.996314,3.72,1.55,4842.45,162.93,11.69,1.0,0.343659,1.78e-06,0.999792,1.11,0.00266304,0.184267,4.64,0.61989,3191.89,0.065175,0.136034,10.77,142.25,0.178559,0.999644,0.02516083,891.46,0.998896,1.15,3474.3,1.57,80.54,6.05,2.39,9.99,0.999411,0.04063334,2.09,0.181992,0.119342,1.35,0.05892,89452.0,4.87,
2026-01-22 17:28:50,89916.0,3003.27,0.999158,891.18,129.74,1.96,0.999692,0.126562,,5.13e-06,,7.94e-06,0.481225,1.53,0.998906,0.998977,0.299619,3003.37,1.033,0.365141,3680.97,597.6,54.37,89554.0,3270.46,3265.39,0.999474,508.08,12.43,8.91,3004.0,0.215481,89906.0,0.999666,361.89,0.149251,12.46,68.8,22.04,0.110692,0.171728,0.999475,0.999525,1.084,1.58,1.22,0.999707,0.092493,1.95,0.00929383,4.95,0.89199,1.6,3.66,4828.54,159.86,245.08,103.84,0.996314,3.72,1.55,4842.45,162.93,11.69,1.0,0.343659,1.78e-06,0.999792,1.11,0.00266304,0.184267,4.64,0.61989,3191.89,0.065175,0.136034,10.77,142.25,0.178559,0.999644,0.02516083,891.46,0.998896,1.15,3474.3,1.57,80.54,6.05,2.39,9.99,0.999411,0.04063334,2.09,0.181992,0.119342,1.35,0.05892,89452.0,4.87,
2026-01-22 17:29:03,89916.0,3003.27,0.999158,891.18,129.74,1.96,0.999692,0.126562,,5.13e-06,,7.94e-06,0.481225,1.53,0.998906,0.998977,0.299619,3003.37,1.033,0.365141,3680.97,597.6,54.37,89554.0,3270.46,3265.39,0.999474,508.08,12.43,8.91,3004.0,0.215481,89906.0,0.999666,361.89,0.149251,12.46,68.8,22.04,0.110692,0.171728,0.999475,0.999525,1.084,1.58,1.22,0.999707,0.092493,1.95,0.00929383,4.95,0.89199,1.6,3.66,4828.54,159.86,245.08,103.84,0.996314,3.72,1.55,4842.45,162.93,11.69,1.0,0.343659,1.78e-06,0.999792,1.11,0.00266304,0.184267,4.64,0.61989,3191.89,0.065175,0.136034,10.77,142.25,0.178559,0.999644,0.02516083,891.46,0.998896,1.15,3474.3,1.57,80.54,6.05,2.39,9.99,0.999411,0.04063334,2.09,0.181992,0.119342,1.35,0.05892,89452.0,4.87,
2026-01-22 17:30:04,89944.0,3005.1,0.999163,891.54,129.78,1.96,0.999767,0.126627,,5.13e-06,,7.94e-06,0.481222,1.53,0.999026,0.999049,0.299649,3003.91,1.033,0.365181,3680.2,597.68,54.37,89563.0,3272.4,3264.8,0.999649,508.49,12.43,8.91,3004.72,0.215453,89887.0,0.99962,362.42,0.149482,12.45,68.82,22.05,0.110696,0.171836,0.999551,0.999585,1.085,1.58,1.22,0.999835,0.092489,1.95,0.009296,4.95,0.892034,1.6,3.66,4828.58,159.92,245.07,103.84,0.996436,3.71,1.55,4842.16,162.95,11.69,1.0,0.343511,1.78e-06,0.999752,1.11,0.00266213,0.184344,4.65,0.619978,3191.49,0.065297,0.136003,10.77,142.25,0.178554,0.999674,0.02516103,891.48,0.998904,1.15,3473.74,1.57,80.54,6.03,2.39,9.98,0.999408,0.04063261,2.09,0.18198,0.119342,1.35,0.058886,89433.0,4.87,
2026-01-22 17:31:04,89944.0,3005.1,0.999163,891.54,129.78,1.96,0.999767,0.126627,,5.13e-06,,7.94e-06,0.481222,1.53,0.999026,0.999049,0.299649,3003.91,1.033,0.365181,3680.2,597.68,54.37,89563.0,3272.4,3264.8,0.999649,508.49,12.43,8.91,3004.72,0.215453,89887.0,0.99962,362.42,0.149482,12.45,68.82,22.05,0.110696,0.171836,0.999551,0.999585,1.085,1.58,1.22,0.999835,0.092489,1.95,0.009296,4.95,0.892034,1.6,3.66,4828.58,159.92,245.07,103.84,0.996436,3.71,1.55,4842.16,162.95,11.69,1.0,0.343511,1.78e-06,0.999752,1.11,0.00266213,0.184344,4.65,0.619978,3191.49,0.065297,0.136003,10.77,142.25,0.178554,0.999674,0.02516103,891.48,0.998904,1.15,3473.74,1.57,80.54,6.03,2.39,9.98,0.999408,0.04063261,2.09,0.18198,0.119342,1.35,0.058886,89433.0,4.87,
2026-01-22 17:32:51,89896.0,3004.43,0.999191,891.45,129.76,1.96,0.99969,0.126718,,5.13e-06,,7.93e-06,0.48114,1.53,0.999007,0.999022,0.299609,3003.78,1.033,0.365258,3679.57,597.9,54.36,89560.0,3271.16,3264.21,0.999659,509.04,12.43,8.91,3004.98,0.215459,89883.0,0.999615,362.88,0.149865,12.45,68.89,22.02,0.110699,0.172216,0.998825,0.999477,1.083,1.58,1.22,0.999813,0.092496,1.95,0.00929961,4.95,0.892181,1.6,3.66,4827.22,159.92,244.91,103.89,0.996746,3.71,1.55,4839.96,162.94,11.7,1.0,0.343615,1.78e-06,0.999871,1.11,0.00266165,0.184492,4.65,0.619891,3191.78,0.065348,0.135957,10.77,142.16,0.17854,0.9997,0.02516104,891.29,0.999035,1.15,3473.91,1.57,80.75,6.03,2.39,9.98,0.999445,0.04063237,2.1,0.181883,0.119308,1.35,0.058899,89475.0,4.87,
2026-01-22 17:33:50,89896.0,3004.43,0.999191,891.45,129.76,1.96,0.99969,0.126718,,5.13e-06,,7.93e-06,0.48114,1.53,0.999007,0.999022,0.299609,3003.78,1.033,0.365258,3679.57,597.9,54.36,89560.0,3271.16,3264.21,0.999659,509.04,12.43,8.91,3004.98,0.215459,89883.0,0.999615,362.88,0.149865,12.45,68.89,22.02,0.110699,0.172216,0.998825,0.999477,1.083,1.58,1.22,0.999813,0.092496,1.95,0.00929961,4.95,0.892181,1.6,3.66,4827.22,159.92,244.91,103.89,0.996746,3.71,1.55,4839.96,162.94,11.7,1.0,0.343615,1.78e-06,0.999871,1.11,0.00266165,0.184492,4.65,0.619891,3191.78,0.065348,0.135957,10.77,142.16,0.17854,0.9997,0.02516104,891.29,0.999035,1.15,3473.91,1.57,80.75,6.03,2.39,9.98,0.999445,0.04063237,2.1,0.181883,0.119308,1.35,0.058899,89475.0,4.87,
2026-01-22 17:34:33,89915.0,3005.35,0.999226,891.65,129.78,1.96,0.999636,0.126728,,5.13e-06,,7.94e-06,0.481075,1.53,0.998989,0.999255,0.299628,3003.91,1.033,0.365272,3679.02,597.77,54.37,89509.0,3270.52,3263.64,0.999658,508.96,12.43,8.91,3003.12,0.215508,89852.0,0.999625,363.05,0.150008,12.45,68.88,22.03,0.110702,0.172307,0.999234,0.999463,1.083,1.58,1.22,0.999757,0.092496,1.95,0.00930062,4.95,0.892165,1.6,3.66,4827.17,159.91,244.93,103.91,0.996483,3.71,1.55,4839.59,162.96,11.7,1.0,0.343506,1.78e-06,0.999837,1.11,0.00266065,0.184496,4.65,0.619767,3190.85,0.065346,0.13588,10.77,142.16,0.178498,0.99961,0.02516084,891.29,0.999076,1.15,3473.09,1.57,80.86,6.03,2.39,9.98,0.999476,0.04063218,2.1,0.181884,0.119298,1.35,0.0589,89479.0,4.87,
2026-01-22 17:38:12,90007.0,3009.84,0.99926,893.14,129.86,1.96,0.999598,0.126857,,5.14e-06,,7.94e-06,0.481367,1.53,0.999075,0.9996,0.299653,3007.64,1.033,0.365524,3685.86,597.97,54.39,89697.0,3277.1,3270.24,0.999615,509.71,12.45,8.91,3010.95,0.215755,89880.0,1.0,363.19,0.15015,12.46,68.92,22.04,0.110868,0.172202,0.999725,0.99983,1.084,1.58,1.22,0.999444,0.092553,1.96,0.00932812,4.96,0.892631,1.6,3.66,4827.73,160.06,245.42,104.04,0.996813,3.71,1.55,4839.72,163.1,11.71,1.0,0.344088,1.78e-06,0.999815,1.11,0.0026602,0.18473,4.65,0.620446,3195.35,0.065483,0.136025,10.78,142.36,0.17862,0.99963,0.02516084,892.53,0.998979,1.15,3477.47,1.58,81.22,6.03,2.4,9.98,0.999507,0.04069364,2.1,0.182294,0.119437,1.35,0.058953,89499.0,4.87,
2026-01-22 17:39:17,90027.0,3011.21,0.999226,893.98,129.96,1.96,0.999713,0.126933,,5.14e-06,,7.95e-06,0.481678,1.53,0.999099,0.999311,0.299683,3010.98,1.033,0.365662,3688.72,598.15,54.38,89638.0,3279.2,3271.5,0.999613,510.49,12.46,8.91,3011.92,0.21597,89928.0,0.999857,363.57,0.151044,12.46,68.93,22.09,0.110947,0.172215,0.999168,0.999803,1.085,1.58,1.22,0.999635,0.092601,1.96,0.00932088,4.96,0.893844,1.6,3.66,4823.11,160.22,245.78,104.14,0.996867,3.72,1.55,4836.12,163.13,11.72,1.0,0.344409,1.78e-06,0.999778,1.11,0.0026628,0.184924,4.65,0.620966,3197.1,0.065665,0.136168,10.79,142.38,0.178807,0.999564,0.02516548,893.03,0.999061,1.15,3480.92,1.58,81.49,6.04,2.4,9.98,0.999475,0.04070918,2.1,0.182425,0.119506,1.35,0.058934,89680.0,4.87,
2026-01-22 17:40:19,90036.0,3012.15,0.999224,894.27,130.01,1.96,0.999763,0.126907,,5.14e-06,,7.95e-06,0.481732,1.53,0.999123,0.999299,0.299684,3010.79,1.033,0.365674,3688.76,598.18,54.39,89695.0,3279.21,3271.53,0.999664,510.52,12.46,8.91,3012.98,0.216026,89895.0,0.999795,363.49,0.150621,12.46,68.92,22.09,0.110947,0.172212,0.998921,0.999677,1.084,1.58,1.22,0.999785,0.092616,1.96,0.00934404,4.96,0.893437,1.6,3.66,4822.12,160.21,245.82,104.12,0.99681,3.72,1.55,4836.12,163.29,11.72,1.0,0.344441,1.78e-06,0.999797,1.11,0.00266376,0.184967,4.65,0.621051,3201.16,0.065636,0.13624,10.79,142.38,0.178915,0.999565,0.02516548,894.36,0.999061,1.15,3481.07,1.58,81.49,6.05,2.4,9.98,0.999478,0.04071803,2.1,0.182422,0.119508,1.35,0.058937,89570.0,4.87,
2026-01-22 17:41:17,90036.0,3012.15,0.999224,894.27,130.01,1.96,0.999763,0.126907,,5.14e-06,,7.95e-06,0.481732,1.53,0.999123,0.999299,0.299684,3010.79,1.033,0.365674,3688.76,598.18,54.39,89695.0,3279.21,3271.53,0.999664,510.52,12.46,8.91,3012.98,0.216026,89895.0,0.999795,363.49,0.150621,12.46,68.92,22.09,0.110947,0.172212,0.998921,0.999677,1.084,1.58,1.22,0.999785,0.092616,1.96,0.00934404,4.96,0.893437,1.6,3.66,4822.12,160.21,245.82,104.12,0.99681,3.72,1.55,4836.12,163.29,11.72,1.0,0.344441,1.78e-06,0.999797,1.11,0.00266376,0.184967,4.65,0.621051,3201.16,0.065636,0.13624,10.79,142.38,0.178915,0.999565,0.02516548,894.36,0.999061,1.15,3481.07,1.58,81.49,6.05,2.4,9.98,0.999478,0.04071803,2.1,0.182422,0.119508,1.35,0.058937,89570.0,4.87,
2026-01-22 17:41:21,90034.0,3012.31,0.999225,894.45,130.03,1.96,0.9997,0.126955,,5.15e-06,,7.96e-06,0.482072,1.53,0.999112,0.999288,0.299688,3009.29,1.033,0.365697,3690.01,598.29,54.38,89706.0,3279.64,3272.68,0.999664,510.49,12.46,8.91,3012.41,0.21607,89951.0,0.999626,363.25,0.150439,12.47,68.92,22.09,0.11096,0.17213,0.999492,0.999739,1.084,1.58,1.22,0.999857,0.092615,1.96,0.00935048,4.96,0.893358,1.6,3.66,4822.11,160.28,245.92,104.12,0.996872,3.72,1.55,4835.43,163.3,11.73,1.0,0.344468,1.78e-06,0.999831,1.11,0.00266888,0.185069,4.65,0.621107,3202.21,0.065644,0.136241,10.79,142.47,0.178878,0.999589,0.02516548,894.51,0.999061,1.15,3482.23,1.58,81.46,6.05,2.4,9.98,0.999474,0.04073641,2.1,0.182432,0.119534,1.35,0.058947,89570.0,4.87,
2026-01-22 17:42:26,90024.0,3012.6,0.999238,894.31,130.05,1.96,0.999712,0.126972,,5.15e-06,,7.96e-06,0.482089,1.53,0.999124,0.999178,0.299696,3011.16,1.033,0.365687,3690.38,598.69,54.38,89735.0,3279.65,3273.11,0.999664,510.04,12.46,8.91,3012.4,0.216075,89901.0,0.999641,362.99,0.150328,12.47,68.92,22.09,0.110961,0.17212,0.999018,0.999742,1.084,1.58,1.22,0.999875,0.092609,1.96,0.00934983,4.96,0.893267,1.6,3.66,4819.39,160.28,245.8,104.12,0.996857,3.72,1.55,4834.39,163.3,11.73,1.0,0.344517,1.78e-06,0.999829,1.11,0.00266976,0.185074,4.65,0.621084,3202.47,0.065714,0.136245,10.79,142.47,0.178928,0.999572,0.02516548,894.53,0.999069,1.15,3482.54,1.58,81.44,6.05,2.4,9.98,0.999484,0.04073401,2.1,0.182467,0.119537,1.35,0.058938,89660.0,4.87,
2026-01-23 00:45:45,88944.0,2941.41,0.999131,884.85,127.58,1.92,0.999637,0.124884,,4.91e-06,,7.85e-06,0.472705,1.5,0.998761,0.999357,0.300437,2939.79,1.033,0.360689,3602.85,594.98,54.39,88552.0,3205.17,3195.13,0.999562,510.37,12.25,8.97,2942.36,0.21235,88852.0,1.0,363.6,0.149759,12.17,68.01,21.22,0.108296,0.173836,0.999148,0.999263,1.084,1.56,1.22,1.0,0.091245,1.93,0.01006738,4.83,0.875363,1.65,3.65,4876.94,156.93,238.39,102.78,0.996355,3.62,1.52,4890.63,160.11,11.54,1.0,0.340022,1.79e-06,0.999766,1.11,0.00249601,0.184167,4.59,0.611818,3114.54,0.066066,0.13069,10.64,139.69,0.174361,0.999911,0.0240265,884.88,0.998963,1.15,3398.23,1.55,81.01,5.59,2.35,9.84,0.999435,0.04034247,2.02,0.177699,0.117466,1.33,,89053.0,4.87,53.18
2026-01-23 00:47:24,89013.0,2943.2,0.999104,884.89,127.65,1.92,0.999632,0.124916,,4.92e-06,,7.86e-06,0.472852,1.5,0.998639,0.999436,0.300478,2940.18,1.033,0.360843,3603.75,595.04,54.36,88601.0,3205.13,3196.84,0.99956,510.1,12.26,8.97,2945.7,0.212414,88866.0,0.999902,363.69,0.14978,12.18,68.03,21.22,0.108342,0.173857,0.998788,0.999401,1.085,1.56,1.22,0.999952,0.091274,1.93,0.01006901,4.83,0.875387,1.65,3.65,4879.05,156.97,238.58,102.79,0.996142,3.63,1.52,4891.94,160.31,11.54,1.0,0.340478,1.79e-06,0.999737,1.11,0.00249887,0.184272,4.6,0.612023,3115.04,0.066059,0.130742,10.65,139.86,0.174373,0.999934,0.0240265,884.84,0.998815,1.15,3401.33,1.55,81.06,5.6,2.35,9.84,0.99942,0.04034287,2.02,0.177847,0.11747,1.33,,89069.0,4.87,53.23
2026-01-23 00:49:24,89061.0,2949.57,0.999131,885.93,127.81,1.92,0.99983,0.125107,,4.93e-06,,7.86e-06,0.473303,1.5,0.998668,0.999381,0.300522,2948.92,1.033,0.361429,3613.94,595.53,54.32,88707.0,3214.44,3205.19,0.999556,510.35,12.27,8.97,2948.31,0.212895,88998.0,1.0,363.83,0.150038,12.2,68.11,21.27,0.108529,0.174015,0.999038,0.99989,1.085,1.56,1.22,0.999461,0.091358,1.93,0.01006838,4.84,0.877024,1.65,3.65,4881.29,157.24,239.02,102.85,0.99615,3.64,1.52,4892.53,160.62,11.55,1.0,0.34188,1.79e-06,0.999737,1.11,0.00250884,0.184362,4.6,0.612655,3130.73,0.066112,0.130999,10.65,139.88,0.17479,1.0,0.0240265,885.94,0.998831,1.15,3407.87,1.55,81.18,5.6,2.35,9.84,0.999415,0.040433,2.03,0.178216,0.117704,1.33,,89071.0,4.88,52.93
2026-01-23 00:51:23,89009.0,2949.13,0.999103,885.74,127.86,1.92,0.99966,0.125121,,4.93e-06,,7.87e-06,0.473787,1.5,0.998625,0.999001,0.300671,2948.92,1.033,0.361689,3613.23,595.33,54.31,88807.0,3210.77,3205.37,0.999531,511.46,12.28,8.97,2948.82,0.212947,89026.0,1.0,363.98,0.150228,12.21,68.14,21.28,0.108541,0.174052,0.999272,0.999833,1.085,1.56,1.22,0.99912,0.091397,1.94,0.01007666,4.84,0.876979,1.65,3.65,4879.25,157.3,239.19,102.86,0.996136,3.64,1.52,4892.84,160.73,11.56,1.0,0.341219,1.79e-06,0.999722,1.11,0.00251239,0.184463,4.6,0.612866,3131.19,0.066135,0.131022,10.65,140.21,0.174983,1.0,0.02404505,885.7,0.998805,1.15,3410.72,1.55,81.2,5.61,2.36,9.85,0.999377,0.04042387,2.03,0.178401,0.117755,1.33,,89371.0,4.88,52.72
2026-01-23 00:52:59,88939.0,2946.94,0.999085,885.96,127.78,1.92,0.999662,0.125154,,4.93e-06,,7.87e-06,0.474107,1.5,0.998669,0.999068,0.300824,2949.3,1.033,0.361728,3613.61,595.27,54.31,88704.0,3209.82,3204.73,0.999546,512.59,12.29,8.97,2952.26,0.213008,88937.0,0.999425,363.78,0.150265,12.22,68.18,21.32,0.108608,0.174421,0.998709,0.999342,1.085,1.56,1.22,0.99986,0.091428,1.94,0.01007738,4.85,0.877868,1.65,3.65,4879.56,157.54,239.21,102.98,0.996134,3.64,1.52,4892.62,160.65,11.58,1.0,0.341376,1.79e-06,0.999745,1.11,0.00251157,0.184486,4.6,0.613053,3136.72,0.066084,0.131178,10.66,139.93,0.175191,0.999999,0.02399832,886.53,0.998802,1.15,3410.94,1.55,81.32,5.61,2.36,9.84,0.999365,0.04043584,2.04,0.178585,0.117833,1.33,,89300.0,4.88,52.96
2026-01-23 00:54:12,88907.0,2944.68,0.999084,885.1,127.71,1.92,0.999651,0.125141,,4.93e-06,,7.87e-06,0.473971,1.5,0.99877,0.999055,0.300826,2947.32,1.033,0.361608,3612.57,595.23,54.31,88672.0,3207.77,3203.57,0.999546,512.7,12.29,8.97,2950.71,0.212934,88931.0,0.999425,363.55,0.149807,12.22,68.17,21.31,0.10857,0.174434,0.998825,0.999257,1.085,1.56,1.22,0.999867,0.091427,1.94,0.01007352,4.85,0.877117,1.65,3.65,4879.18,157.48,239.1,102.98,0.99611,3.64,1.52,4892.48,160.65,11.57,1.0,0.341155,1.79e-06,0.999752,1.11,0.00251013,0.184476,4.6,0.612497,3136.8,0.065985,0.131188,10.66,139.76,0.175163,1.0,0.02399844,886.57,0.998802,1.15,3409.63,1.55,81.31,5.61,2.36,9.85,0.99937,0.0404168,2.03,0.178565,0.117826,1.33,,89300.0,4.88,53.2
2026-01-23 00:55:44,88877.0,2942.84,0.9991,884.38,127.69,1.92,0.999574,0.125136,,4.93e-06,,7.88e-06,0.473995,1.5,0.998737,0.998534,0.30086,2947.6,1.033,0.36164,3611.22,595.24,54.42,88778.0,3207.76,3202.37,0.999539,512.79,12.29,8.97,2942.31,0.213062,88885.0,0.999219,363.12,0.149736,12.22,68.17,21.31,0.108593,0.174477,0.998585,0.99999,1.085,1.56,1.22,0.999871,0.091412,1.94,0.01007348,4.85,0.877077,1.66,3.65,4879.27,157.5,239.03,102.96,0.996122,3.64,1.52,4891.52,160.5,11.57,1.0,0.341169,1.79e-06,0.999739,1.11,0.00251084,0.184478,4.6,0.612201,3136.36,0.065978,0.131215,10.66,139.76,0.175233,1.0,0.02399844,884.76,0.998802,1.15,3408.52,1.55,81.37,5.61,2.36,9.85,0.999371,0.04041356,2.03,0.178585,0.117855,1.33,,89149.0,4.88,53.22
2026-01-23 00:58:20,88931.0,2943.44,0.999063,884.15,127.68,1.92,0.999699,0.125105,,4.94e-06,,7.88e-06,0.47426,1.5,0.998683,0.99852,0.300911,2939.07,1.033,0.361694,3607.23,595.22,54.43,88623.0,3203.66,3198.24,0.999586,513.41,12.29,8.97,2940.18,0.213136,88873.0,0.998663,363.11,0.150105,12.22,68.17,21.32,0.108545,0.174682,0.999356,0.998757,1.085,1.56,1.21,0.999897,0.091419,1.94,0.01006146,4.85,0.876797,1.66,3.65,4878.41,157.5,239.13,102.98,0.996121,3.64,1.52,4891.01,160.46,11.58,1.0,0.341285,1.79e-06,0.999698,1.11,0.00251844,0.184382,4.6,0.611876,3135.82,0.065947,0.131313,10.65,139.76,0.175227,1.0,0.0239988,883.71,0.998791,1.15,3403.56,1.55,81.31,5.61,2.36,9.84,0.999369,0.04039215,2.03,0.178667,0.11793,1.33,,89026.0,4.88,52.78
2026-01-23 01:01:06,89047.0,2943.22,0.999102,884.74,127.72,1.92,0.999573,0.125168,,4.94e-06,,7.88e-06,0.474748,1.51,0.998731,0.999064,0.300991,2943.65,1.033,0.361862,3606.92,595.26,54.43,88590.0,3203.8,3197.96,0.999591,512.64,12.29,8.97,2942.13,0.213269,88881.0,0.999512,363.56,0.150144,12.22,68.18,21.33,0.108578,0.174682,0.99887,0.998873,1.085,1.56,1.22,0.999804,0.091383,1.94,0.01006125,4.85,0.876941,1.66,3.65,4878.44,157.59,239.23,103.01,0.996135,3.64,1.52,4890.17,160.49,11.58,1.0,0.341239,1.79e-06,0.999685,1.11,0.00252456,0.184384,4.6,0.612219,3136.23,0.066001,0.131386,10.65,140.05,0.175248,1.0,0.0239942,883.83,0.998822,1.15,3402.98,1.55,81.31,5.6,2.36,9.86,0.999303,0.04037649,2.03,0.178761,0.118005,1.33,,89107.0,4.88,52.6
2026-01-23 01:03:11,89070.0,2944.76,0.999097,884.88,127.84,1.92,0.999785,0.125135,,4.94e-06,,7.88e-06,0.474719,1.51,0.998765,0.999322,0.300996,2944.19,1.033,0.361889,3607.87,595.28,54.43,88748.0,3205.49,3198.78,0.999605,513.25,12.29,8.97,2944.38,0.213265,88971.0,0.999628,363.71,0.149763,12.22,68.17,21.36,0.108583,0.1748,0.999343,0.999748,1.085,1.56,1.22,0.999544,0.091404,1.94,0.01006183,4.85,0.876939,1.66,3.65,4878.74,157.66,238.97,103.0,0.996134,3.64,1.52,4890.8,160.66,11.58,1.0,0.341208,1.79e-06,0.999748,1.11,0.00252593,0.184432,4.6,0.612293,3136.39,0.066055,0.131412,10.66,140.05,0.17523,0.999917,0.02400047,885.2,0.99889,1.15,3404.04,1.55,81.31,5.6,2.36,9.86,0.999277,0.04036345,2.03,0.178809,0.11805,1.33,,89107.0,4.88,52.37
2026-01-23 01:05:12,89089.0,2945.17,0.999079,884.84,127.89,1.92,0.999722,0.125099,,4.94e-06,,7.88e-06,0.474668,1.51,0.998667,0.999155,0.301043,2943.39,1.033,0.361861,3609.21,595.33,54.34,88670.0,3206.47,3200.37,0.999674,513.23,12.29,8.97,2946.97,0.213185,89034.0,0.999574,363.72,0.149806,12.21,68.15,21.37,0.108577,0.174878,0.998955,0.999,1.085,1.56,1.22,0.999543,0.091407,1.94,0.01006748,4.85,0.876559,1.66,3.65,4877.74,157.61,238.94,103.0,0.99606,3.64,1.52,4890.96,160.65,11.58,1.0,0.34118,1.79e-06,0.999711,1.11,0.00252364,0.184449,4.6,0.612044,3136.47,0.066167,0.131409,10.66,140.05,0.175219,0.999936,0.02400047,885.25,0.998791,1.15,3405.28,1.55,81.31,5.6,2.36,9.9,0.999259,0.04034971,2.03,0.178822,0.118059,1.33,,89135.0,4.88,52.23
2026-01-23 01:07:10,89114.0,2944.77,0.999092,884.82,127.81,1.92,0.999678,0.125068,,4.94e-06,,7.88e-06,0.474512,1.51,0.998708,0.998981,0.301078,2943.2,1.033,0.361791,3609.98,595.45,54.43,88732.0,3206.61,3201.17,0.99953,511.84,12.29,8.97,2945.56,0.21318,89062.0,0.999464,363.81,0.149739,12.21,68.13,21.38,0.10852,0.174766,0.998791,0.999028,1.082,1.56,1.22,0.99914,0.091424,1.94,0.01006223,4.85,0.876314,1.66,3.65,4878.76,157.58,238.85,103.02,0.996085,3.64,1.52,4891.47,160.72,11.58,1.0,0.341292,1.79e-06,0.999642,1.11,0.00252087,0.184427,4.6,0.611327,3136.61,0.066292,0.131386,10.66,139.96,0.175171,0.999875,0.02401765,884.95,0.998908,1.15,3405.88,1.55,81.37,5.59,2.36,9.9,0.999409,0.04030898,2.02,0.178818,0.118052,1.33,,89096.0,4.88,51.7
2026-01-23 01:14:06,89163.0,2942.41,0.99908,884.69,128.03,1.92,0.999621,0.124987,,4.94e-06,,7.87e-06,0.474873,1.51,0.998676,0.998581,0.301263,2943.09,1.033,0.362038,3607.4,595.98,54.41,88805.0,3204.32,3198.37,0.999381,510.54,12.29,8.97,2946.25,0.213134,89108.0,0.998878,363.94,0.148323,12.21,68.1,21.46,0.108646,0.175137,0.998596,0.998741,1.081,1.56,1.22,0.999564,0.091296,1.94,0.01005583,4.85,0.87698,1.66,3.65,4877.88,157.75,238.89,103.05,0.996102,3.65,1.53,4890.06,160.73,11.58,1.0,0.341847,1.79e-06,0.999648,1.11,0.00252074,0.184136,4.6,0.612683,3136.1,0.066414,0.131437,10.66,140.21,0.175225,0.999547,0.02401917,884.84,0.99881,1.15,3407.59,1.56,81.6,5.57,2.35,9.84,0.999277,0.04032813,2.02,0.179282,0.118021,1.33,,89218.0,4.89,52.23
2026-01-23 01:15:17,89173.0,2942.25,0.999085,884.69,127.93,1.92,0.999582,0.124982,,4.94e-06,,7.87e-06,0.474848,1.51,0.998716,0.998744,0.301383,2943.75,1.033,0.362054,3607.87,595.97,54.41,88783.0,3205.19,3199.31,0.999389,510.13,12.29,8.97,2941.84,0.213012,89088.0,0.999369,363.95,0.148215,12.21,68.09,21.47,0.108692,0.175134,0.998763,0.998726,1.082,1.56,1.22,0.999643,0.091294,1.94,0.01005666,4.85,0.876988,1.66,3.65,4877.48,157.74,238.89,103.06,0.996095,3.65,1.52,4889.92,160.64,11.58,1.0,0.341959,1.79e-06,0.999634,1.11,0.00252118,0.184105,4.6,0.612574,3136.04,0.066412,0.13143,10.66,140.05,0.175213,0.999557,0.02401607,884.54,0.998909,1.15,3403.65,1.56,81.61,5.57,2.35,9.84,0.999261,0.04032562,2.02,0.17934,0.117968,1.33,,89218.0,4.89,52.28
2026-01-23 01:16:17,89213.0,2943.96,0.999083,884.89,127.85,1.92,0.999568,0.12498,,4.94e-06,,7.87e-06,0.474841,1.51,0.99871,0.999,0.301546,2944.28,1.033,0.362088,3608.08,595.97,54.41,88745.0,3205.19,3199.49,0.999403,510.23,12.29,8.97,2942.09,0.213015,89121.0,0.999504,363.96,0.148341,12.21,68.1,21.47,0.108699,0.175131,0.999567,0.998888,1.082,1.56,1.22,0.998914,0.091306,1.94,0.01005767,4.85,0.876733,1.66,3.65,4876.73,157.72,238.92,103.06,0.996097,3.65,1.52,4889.83,160.65,11.58,1.0,0.341979,1.79e-06,0.999686,1.11,0.00251988,0.184107,4.6,0.612675,3136.25,0.066395,0.131424,10.66,140.05,0.175219,0.999559,0.02401607,884.54,0.998907,1.15,3404.43,1.56,81.63,5.57,2.35,9.91,0.99938,0.040323,2.02,0.179324,0.117955,1.33,,89157.0,4.89,52.58
2026-01-23 01:17:17,89208.0,2943.4,0.999102,884.77,127.9,1.92,0.999697,0.124961,,4.94e-06,,7.88e-06,0.474885,1.51,0.998738,0.99913,0.301867,2944.77,1.033,0.362115,3608.08,596.02,54.41,88874.0,3204.75,3199.37,0.999407,510.13,12.29,8.97,2944.17,0.213023,89186.0,0.99942,363.95,0.148164,12.2,68.1,21.48,0.108715,0.175129,0.999567,0.998881,1.082,1.56,1.22,0.998988,0.0913,1.94,0.01005757,4.86,0.876664,1.66,3.65,4877.51,157.74,238.89,103.08,0.996286,3.65,1.52,4890.31,160.69,11.58,1.0,0.342041,1.79e-06,0.999766,1.11,0.0025191,0.1841,4.6,0.612655,3136.4,0.066402,0.131387,10.66,140.05,0.175212,0.999559,0.02400714,885.24,0.998924,1.15,3405.16,1.56,81.66,5.57,2.35,9.91,0.999277,0.04032518,2.02,0.179289,0.117994,1.33,,89158.0,4.89,52.76
2026-01-23 01:18:30,89218.0,2943.87,0.999104,884.75,127.99,1.92,0.999696,0.124943,,4.94e-06,,7.87e-06,0.47492,1.51,0.998728,0.999126,0.301923,2944.59,1.033,0.36208,3608.06,596.02,54.44,88868.0,3205.29,3199.43,0.999408,510.95,12.29,8.97,2944.12,0.213077,89182.0,0.99943,363.85,0.147998,12.2,68.11,21.48,0.108688,0.175065,0.999497,0.998918,1.084,1.56,1.22,0.998942,0.091296,1.94,0.01005831,4.86,0.876465,1.66,3.65,4877.5,157.74,238.89,103.08,0.996287,3.65,1.52,4889.95,160.7,11.58,1.0,0.34212,1.79e-06,0.999746,1.11,0.0025181,0.184144,4.6,0.612251,3136.22,0.066481,0.131324,10.65,140.06,0.175159,0.999517,0.02404083,885.24,0.998825,1.15,3404.38,1.56,81.63,5.57,2.35,9.91,0.999283,0.0403239,2.02,0.179278,0.117952,1.33,,89128.0,4.89,52.98
2026-01-23 01:22:11,89219.0,2944.26,0.999112,884.73,128.07,1.92,0.999613,0.124929,,4.94e-06,,7.88e-06,0.474568,1.51,0.998737,0.998923,0.302259,2944.76,1.033,0.362009,3608.58,596.11,54.47,88985.0,3207.24,3199.75,0.999403,509.45,12.29,8.97,2945.22,0.213182,89221.0,0.999408,363.87,0.148792,12.2,68.09,21.52,0.108664,0.175125,0.998418,0.999121,1.084,1.55,1.22,0.999552,0.091306,1.94,0.01006338,4.85,0.876129,1.65,3.65,4879.14,157.71,238.87,103.0,0.996089,3.65,1.52,4892.65,160.79,11.58,1.0,0.342277,1.79e-06,0.999699,1.11,0.00251623,0.184222,4.61,0.611979,3137.27,0.066534,0.131236,10.66,140.15,0.175122,0.99954,0.02400969,884.67,0.998836,1.15,3406.38,1.56,81.61,5.58,2.35,9.91,0.999277,0.04031544,2.02,0.1792,0.117847,1.33,,89018.0,4.89,53.77
2026-01-23 01:22:35,89219.0,2944.26,0.999112,884.73,128.07,1.92,0.999613,0.124929,,4.94e-06,,7.88e-06,0.474568,1.51,0.998737,0.998923,0.302259,2944.76,1.033,0.362009,3608.58,596.11,54.47,88985.0,3207.24,3199.75,0.999403,509.45,12.29,8.97,2945.22,0.213182,89221.0,0.999408,363.87,0.148792,12.2,68.09,21.52,0.108664,0.175125,0.998418,0.999121,1.084,1.55,1.22,0.999552,0.091306,1.94,0.01006338,4.85,0.876129,1.65,3.65,4879.14,157.71,238.87,103.0,0.996089,3.65,1.52,4892.65,160.79,11.58,1.0,0.342277,1.79e-06,0.999699,1.11,0.00251623,0.184222,4.61,0.611979,3137.27,0.066534,0.131236,10.66,140.15,0.175122,0.99954,0.02400969,884.67,0.998836,1.15,3406.38,1.56,81.61,5.58,2.35,9.91,0.999277,0.04031544,2.02,0.1792,0.117847,1.33,,89018.0,4.89,53.77
2026-01-23 01:24:37,89211.0,2943.5,0.999107,884.75,128.03,1.92,0.999488,0.124873,,4.94e-06,,7.87e-06,0.474354,1.51,0.998706,0.998941,0.302414,2943.58,1.033,0.361754,3607.12,596.16,54.47,88913.0,3205.54,3198.68,0.999404,509.27,12.28,8.97,2945.7,0.213072,89263.0,0.999454,363.67,0.148743,12.2,68.07,21.52,0.108615,0.17548,0.999132,0.999035,1.084,1.55,1.22,0.999681,0.091336,1.94,0.01006246,4.85,0.876051,1.66,3.65,4880.39,157.64,238.69,102.98,0.996113,3.64,1.52,4892.82,160.84,11.58,1.0,0.341984,1.79e-06,0.999713,1.11,0.00251422,0.184255,4.61,0.612089,3136.55,0.066516,0.131183,10.66,140.23,0.175061,0.999529,0.02401001,884.45,0.998835,1.15,3404.17,1.56,81.54,5.58,2.35,9.91,0.999386,0.04030092,2.01,0.17907,0.1178,1.33,,89018.0,4.89,54.28
2026-01-23 01:25:57,89104.0,2937.72,0.99908,883.93,127.92,1.92,0.99964,0.124753,,4.93e-06,,7.87e-06,0.474735,1.5,0.998686,0.998389,0.302547,2938.87,1.033,0.361345,3602.46,596.17,54.47,88875.0,3201.03,3193.96,0.999518,508.34,12.27,8.97,2942.23,0.212856,89246.0,0.99946,363.62,0.148385,12.18,68.05,21.53,0.108483,0.17548,0.998801,0.998895,1.084,1.55,1.22,0.999292,0.091331,1.93,0.01005328,4.85,0.876453,1.66,3.65,4881.18,157.41,238.53,102.96,0.996103,3.64,1.52,4893.66,160.73,11.57,1.0,0.341789,1.79e-06,0.999733,1.11,0.00251042,0.184084,4.61,0.611738,3136.41,0.066517,0.131059,10.66,140.23,0.174887,0.999878,0.02401,884.4,0.998814,1.15,3402.49,1.55,81.49,5.6,2.35,9.92,0.999366,0.040276,2.01,0.178843,0.117795,1.33,,89107.0,4.88,54.97
2026-01-23 01:26:22,89104.0,2937.72,0.99908,883.93,127.92,1.92,0.99964,0.124753,,4.93e-06,,7.87e-06,0.474735,1.5,0.998686,0.998389,0.302547,2938.87,1.033,0.361345,3602.46,596.17,54.47,88875.0,3201.03,3193.96,0.999518,508.34,12.27,8.97,2942.23,0.212856,89246.0,0.99946,363.62,0.148385,12.18,68.05,21.53,0.108483,0.17548,0.998801,0.998895,1.084,1.55,1.22,0.999292,0.091331,1.93,0.01005328,4.85,0.876453,1.66,3.65,4881.18,157.41,238.53,102.96,0.996103,3.64,1.52,4893.66,160.73,11.57,1.0,0.341789,1.79e-06,0.999733,1.11,0.00251042,0.184084,4.61,0.611738,3136.41,0.066517,0.131059,10.66,140.23,0.174887,0.999878,0.02401,884.4,0.998814,1.15,3402.49,1.55,81.49,5.6,2.35,9.92,0.999366,0.040276,2.01,0.178843,0.117795,1.33,,89107.0,4.88,54.97
2026-01-23 01:27:23,89076.0,2936.35,0.999069,883.54,127.92,1.92,0.999654,0.12465,,4.92e-06,,7.87e-06,0.474335,1.5,0.998742,0.99858,0.302589,2938.05,1.033,0.361015,3599.85,596.25,54.47,88783.0,3197.72,3191.59,0.999518,506.74,12.27,8.97,2937.74,0.212803,89197.0,0.998745,363.43,0.148386,12.17,68.0,21.54,0.108451,0.175309,0.998477,0.998621,1.083,1.55,1.22,0.999793,0.091303,1.93,0.01003926,4.85,0.876423,1.66,3.65,4881.86,157.28,238.11,102.91,0.996104,3.63,1.52,4895.01,160.72,11.57,1.0,0.34205,1.79e-06,0.999698,1.11,0.00250586,0.184102,4.61,0.610709,3121.76,0.066439,0.1309,10.65,139.73,0.174762,0.999865,0.02401,883.48,0.998814,1.15,3399.41,1.55,81.43,5.6,2.35,9.92,0.999375,0.04024424,2.01,0.178636,0.117701,1.33,,89107.0,4.88,54.88
2026-01-23 01:28:44,89061.0,2934.92,0.999063,883.25,127.8,1.92,0.999655,0.124627,,4.92e-06,,7.87e-06,0.474218,1.5,0.998751,0.998491,0.302606,2936.85,1.033,0.360986,3599.06,596.19,54.47,88792.0,3196.17,3191.11,0.999521,506.31,12.26,8.97,2937.46,0.21291,89093.0,0.998669,363.18,0.147782,12.17,67.98,21.54,0.108413,0.175371,0.999343,0.998655,1.083,1.55,1.22,0.998882,0.091296,1.93,0.01004844,4.85,0.876317,1.66,3.65,4884.99,157.2,237.99,102.9,0.996096,3.63,1.52,4898.0,160.66,11.56,1.0,0.341925,1.79e-06,0.999712,1.11,0.0025052,0.184063,4.6,0.610701,3119.21,0.066411,0.130922,10.65,139.73,0.174802,0.999886,0.02400709,883.42,0.998799,1.15,3396.38,1.55,81.42,5.6,2.35,9.86,0.999363,0.04022496,2.01,0.178562,0.117612,1.33,,89105.0,4.88,55.12
2026-01-23 01:29:58,89072.0,2937.56,0.999088,883.65,127.66,1.92,0.999703,0.124678,,4.92e-06,,7.86e-06,0.47376,1.5,0.998599,0.998778,0.302709,2936.77,1.033,0.36074,3598.75,596.15,54.41,88899.0,3196.05,3190.55,0.99952,505.97,12.24,8.97,2937.04,0.212821,89135.0,0.999354,363.13,0.147647,12.16,67.93,21.55,0.108325,0.175331,0.999129,0.999656,1.084,1.55,1.22,1.0,0.091263,1.93,0.01003871,4.84,0.876447,1.66,3.65,4886.6,157.16,238.09,102.8,0.996092,3.63,1.52,4900.52,160.55,11.55,1.0,0.341319,1.79e-06,0.999717,1.11,0.00250611,0.184024,4.6,0.610715,3134.92,0.06636,0.130856,10.64,139.84,0.174639,0.999908,0.0239312,883.3,0.998799,1.15,3394.96,1.55,81.32,5.6,2.34,9.91,0.999357,0.0402211,2.0,0.178476,0.117489,1.32,,89085.0,4.88,55.18
2026-01-23 01:38:47,89070.0,2938.66,0.999073,883.85,127.71,1.91,0.999639,0.124567,,4.91e-06,,7.85e-06,0.472231,1.5,0.998695,0.998971,0.302807,2938.11,1.03,0.360077,3599.2,595.81,54.36,88857.0,3199.94,3192.84,0.999495,505.42,12.22,8.97,2938.55,0.212679,89046.0,0.999229,362.39,0.147596,12.14,67.84,21.52,0.108178,0.174836,0.99871,0.999022,1.083,1.55,1.22,0.999792,0.091217,1.93,0.01004701,4.84,0.875981,1.65,3.65,4888.88,157.09,238.14,102.82,0.996113,3.62,1.52,4902.97,160.55,11.53,1.0,0.340817,1.79e-06,0.999686,1.11,0.00250887,0.184041,4.6,0.610607,3118.35,0.066452,0.131093,10.65,139.95,0.174066,0.999637,0.02393036,883.71,0.998902,1.15,3397.63,1.55,81.52,5.6,2.34,9.86,0.999368,0.04003952,2.0,0.178216,0.117386,1.32,,89065.0,4.88,55.61
